{
  "project_info": {
    "project_number": "67928196401",
    "firebase_url": "https://lab3-bbeab.firebaseio.com",
    "project_id": "lab3-bbeab",
    "storage_bucket": "lab3-bbeab.appspot.com"
  },
  "client": [
    {
      "client_info": {
        "mobilesdk_app_id": "1:67928196401:android:aadfeba8c26d67fc",
        "android_client_info": {
          "package_name": "mgarzon.createbest.productcatalog"
        }
      },
      "oauth_client": [
        {
          "client_id": "67928196401-ssq9h8v3kcbr1ksjlkvcklrk5468k1ij.apps.googleusercontent.com",
          "client_type": 1,
          "android_info": {
            "package_name": "mgarzon.createbest.productcatalog",
            "certificate_hash": "76e602884156cd1dc7e1ec0797cd5f6753eda428"
          }
        },
        {
          "client_id": "67928196401-1rb26t6edq4ffpkehavvg4iaqql6a4sf.apps.googleusercontent.com",
          "client_type": 3
        }
      ],
      "api_key": [
        {
          "current_key": "AIzaSyCSauWhJBwH9kUhB0z-LmlIh6jnSXKAIBM"
        }
      ],
      "services": {
        "analytics_service": {
          "status": 1
        },
        "appinvite_service": {
          "status": 2,
          "other_platform_oauth_client": [
            {
              "client_id": "67928196401-1rb26t6edq4ffpkehavvg4iaqql6a4sf.apps.googleusercontent.com",
              "client_type": 3
            }
          ]
        },
        "ads_service": {
          "status": 2
        }
      }
    }
  ],
  "configuration_version": "1"
}